engine,warm_ms,warm_peak_mem,iterations,mean_ms,median_ms,p95_ms,peak_mem,mem_delta,mem_delta_pct
clarity,0.7028,4194304,10000,0.27436173,0.2532,0.3797,4194304,0,0
native,1.8808,4194304,10000,0.21914147,0.1937,0.3162,4194304,0,0
twig,19.7515,4194304,10000,0.82891582,0.7574,1.1061,4194304,0,0
plates,5.9563,4194304,10000,0.38602801,0.3475,0.5624,4194304,0,0
blade,28.4739,4194304,10000,0.74786454,0.6741,1.0375,4194304,0,0
