engine,warm_ms,warm_peak_mem,iterations_per_run,runs,trimmed_mean_ms,mean_ms,median_ms,p95_ms,peak_mem,mem_delta,mem_delta_pct
native,0.529709,2097152,10000,30,0.23168099960417,0.23194040620666,0.223248,0.264946,20983808,18886656,900.5859375
clarity,0.445495,50343936,10000,30,0.21783432814583,0.21786141927333,0.209502,0.250171,50343936,0,0
plates,2.211684,50343936,10000,30,0.27639921338333,0.27663216217333,0.265892,0.318893,50343936,0,0
blade,17.553046,50343936,10000,30,0.3537307791625,0.35384641994333,0.344687,0.40779,50343936,0,0
twig,11.753441,50343936,10000,30,0.6162948871875,0.61656520782333,0.60018,0.705578,50343936,0,0
